time_s,roll_deg,pitch_deg,yaw_deg,ref_pitch_deg,ref_yaw_deg,M1,M2,error_pitch_deg,error_yaw_deg
0.062,-1.583,1.887,0.098,25.0,0.0,151.58,151.58,0.666,0.334,23.11,-0.1
0.109,-1.611,1.903,0.098,25.0,0.0,390.86,390.86,0.657,0.343,23.1,-0.1
0.158,-1.532,1.794,0.097,25.0,0.0,631.94,631.94,0.674,0.326,23.21,-0.1
0.205,-1.786,1.843,0.097,25.0,0.0,871.26,871.26,0.653,0.347,23.16,-0.1
0.254,-1.647,1.74,0.097,25.0,0.0,1111.62,1111.62,0.674,0.326,23.26,-0.1
0.302,-1.775,2.216,0.097,25.0,0.0,1353.03,1353.03,0.595,0.405,22.78,-0.1
0.351,-2.292,2.018,0.098,25.0,0.0,1263.81,1597.44,0.684,0.316,22.98,-0.1
0.4,-2.275,2.19,0.099,25.0,0.0,1459.17,1841.56,0.635,0.365,22.81,-0.1
0.448,-2.252,1.657,0.098,25.0,0.0,1214.45,2086.28,0.729,0.271,23.34,-0.1
0.498,-1.961,1.127,0.097,25.0,0.0,1073.25,2333.32,0.732,0.268,23.87,-0.1
0.548,-1.866,1.532,0.097,25.0,0.0,1323.67,2210.18,0.611,0.389,23.47,-0.1
0.598,-1.671,1.588,0.099,25.0,0.0,1382.55,2287.56,0.654,0.346,23.41,-0.1
0.649,-2.115,1.512,0.098,25.0,0.0,1314.91,2316.93,0.671,0.329,23.49,-0.1
0.7,-1.683,1.774,0.098,25.0,0.0,1487.7,2241.12,0.628,0.372,23.23,-0.1
0.752,-2.135,1.601,0.098,25.0,0.0,1270.46,2336.03,0.682,0.318,23.4,-0.1
0.804,-1.959,1.696,0.098,25.0,0.0,1403.31,2278.46,0.649,0.351,23.3,-0.1
0.856,-2.399,1.818,0.097,25.0,0.0,1419.14,2271.5,0.645,0.355,23.18,-0.1
0.908,-2.01,1.188,0.098,25.0,0.0,1158.19,2432.24,0.74,0.26,23.81,-0.1
0.961,-1.992,1.205,0.098,25.0,0.0,1352.79,2300.52,0.662,0.338,23.79,-0.1
1.014,-1.312,1.308,0.098,25.0,0.0,1396.17,2281.59,0.651,0.349,23.69,-0.1
1.067,-1.812,1.374,0.099,25.0,0.0,1380.27,2288.55,0.655,0.345,23.63,-0.1
1.12,-1.441,1.538,0.098,25.0,0.0,1430.07,2266.69,0.642,0.358,23.46,-0.1
1.174,-1.448,1.494,0.098,25.0,0.0,1331.8,2309.63,0.667,0.333,23.51,-0.1
1.229,-0.97,1.624,0.098,25.0,0.0,1415.93,2272.91,0.646,0.354,23.38,-0.1
1.283,-1.439,1.929,0.098,25.0,0.0,1503.81,2233.92,0.624,0.376,23.07,-0.1
1.339,-1.176,2.286,0.098,25.0,0.0,1534.7,2220.06,0.616,0.384,22.71,-0.1
1.394,-1.861,2.13,0.099,25.0,0.0,1298.15,2324.15,0.675,0.325,22.87,-0.1
1.45,-1.55,2.311,0.099,25.0,0.0,1454.61,2255.84,0.636,0.364,22.69,-0.1
1.506,-1.726,2.502,0.098,25.0,0.0,1463.67,2251.82,0.634,0.366,22.5,-0.1
1.563,-2.075,2.005,0.097,25.0,0.0,1179.15,2388.78,0.714,0.286,23.0,-0.1
1.62,-2.441,2.195,0.098,25.0,0.0,1454.58,2255.85,0.636,0.364,22.81,-0.1
1.678,-3.049,2.055,0.097,25.0,0.0,1305.62,2320.94,0.674,0.326,22.95,-0.1
1.736,-1.895,1.381,0.098,25.0,0.0,1056.4,2425.92,0.736,0.264,23.62,-0.1
1.794,-2.515,1.442,0.099,25.0,0.0,1348.03,2289.88,0.656,0.344,23.56,-0.1
1.852,-1.864,1.322,0.098,25.0,0.0,1295.98,2325.08,0.676,0.324,23.68,-0.1
1.911,-2.371,1.152,0.097,25.0,0.0,1270.94,2335.83,0.682,0.318,23.85,-0.1
1.971,-1.91,1.006,0.097,25.0,0.0,1277.34,2333.08,0.681,0.319,23.99,-0.1
2.031,-1.542,1.624,0.098,25.0,0.0,1578.25,2184.23,0.597,0.403,23.38,-0.1
2.091,-1.916,1.938,0.098,25.0,0.0,1495.09,2237.83,0.626,0.374,23.06,-0.1
2.151,-0.848,1.665,0.098,25.0,0.0,1243.02,2347.75,0.689,0.311,23.34,-0.1
2.213,-1.1,2.025,0.098,25.0,0.0,1513.49,2229.59,0.622,0.378,22.97,-0.1
2.274,-0.793,3.005,0.098,25.0,0.0,1790.22,2101.83,0.552,0.448,22.0,-0.1
2.307,-0.596,3.668,0.098,25.0,0.0,1920.1,2039.11,0.52,0.48,21.33,-0.1
2.37,-0.765,3.282,0.099,25.0,0.0,1603.94,2346.8,0.689,0.311,21.72,-0.1
2.434,-0.741,3.916,0.099,25.0,0.0,1666.01,2160.11,0.583,0.417,21.08,-0.1
2.498,-1.554,4.314,0.1,25.0,0.0,1581.18,2199.02,0.605,0.395,20.69,-0.1
2.564,-1.429,4.603,0.1,25.0,0.0,1544.97,2215.43,0.614,0.386,20.4,-0.1
2.629,-1.725,5.706,0.099,25.0,0.0,1872.59,2055.55,0.528,0.472,19.29,-0.1
2.695,-2.577,6.106,0.099,25.0,0.0,1626.0,2178.55,0.593,0.407,18.89,-0.1
2.762,-2.015,6.125,0.1,25.0,0.0,1481.36,2243.95,0.63,0.37,18.88,-0.1
2.828,-1.384,6.643,0.1,25.0,0.0,1685.06,2151.27,0.579,0.421,18.36,-0.1
2.894,-1.311,7.641,0.099,25.0,0.0,1893.87,2051.93,0.526,0.474,17.36,-0.1
2.96,-1.229,9.353,0.099,25.0,0.0,2105.31,1782.9,0.446,0.554,15.65,-0.1
3.026,-2.318,10.499,0.099,25.0,0.0,2014.72,1969.55,0.492,0.508,14.5,-0.1
3.092,-2.313,10.538,0.1,25.0,0.0,1684.4,2186.42,0.598,0.402,14.46,-0.1
3.159,-2.134,10.695,0.101,25.0,0.0,1657.37,2164.11,0.586,0.414,14.3,-0.1
3.225,-2.717,11.87,0.671,25.0,0.01,1989.69,1924.29,0.481,0.519,13.13,-0.66
3.292,-2.565,12.771,0.888,25.0,0.02,1996.93,2001.08,0.501,0.499,12.23,-0.87
3.358,-2.008,13.739,0.968,25.0,0.02,2023.78,1951.24,0.488,0.512,11.26,-0.95
3.425,-2.553,14.219,0.999,25.0,0.02,1876.92,2060.17,0.531,0.469,10.78,-0.98
3.492,-3.442,15.077,1.009,25.0,0.02,2021.0,1956.86,0.489,0.511,9.92,-0.99
3.558,-3.257,15.381,1.011,25.0,0.02,1842.88,2076.63,0.539,0.461,9.62,-0.99
3.625,-3.538,15.566,1.011,25.0,0.02,1803.23,2095.63,0.549,0.451,9.43,-0.99
3.692,-2.412,16.058,1.01,25.0,0.02,1931.17,2033.67,0.517,0.483,8.94,-0.99
3.76,-2.44,15.974,1.009,25.0,0.02,1713.57,2137.98,0.572,0.428,9.03,-0.99
3.827,-1.474,16.086,1.007,25.0,0.02,1789.58,2102.13,0.553,0.447,8.91,-0.99
3.894,-1.317,15.99,1.006,25.0,0.02,1709.4,2139.93,0.573,0.427,9.01,-0.99
3.961,-1.056,15.178,1.004,25.0,0.02,1419.44,2271.37,0.645,0.355,9.82,-0.99
4.029,-0.623,15.188,1.003,25.0,0.02,1726.62,2131.87,0.568,0.432,9.81,-0.99
4.097,-1.012,14.883,1.003,25.0,0.02,1600.96,2190.01,0.6,0.4,10.12,-0.99
4.165,-1.648,14.697,1.002,25.0,0.02,1640.52,2171.88,0.59,0.41,10.3,-0.98
4.233,-1.856,13.317,1.001,25.0,0.02,1301.04,2382.81,0.71,0.29,11.68,-0.98
4.3,-2.26,12.889,0.999,25.0,0.02,1500.61,2235.36,0.625,0.375,12.11,-0.98
4.369,-2.647,12.63,0.998,25.0,0.02,1556.09,2210.4,0.611,0.389,12.37,-0.98
4.437,-2.504,13.11,0.997,25.0,0.02,1842.47,2076.82,0.539,0.461,11.89,-0.98
4.505,-1.748,12.507,0.997,25.0,0.02,1499.96,2268.05,0.643,0.357,12.49,-0.98
4.573,-0.508,12.227,0.996,25.0,0.02,1537.74,2218.69,0.616,0.384,12.77,-0.98
4.642,-1.011,12.108,0.995,25.0,0.02,1593.48,2193.42,0.602,0.398,12.89,-0.98
4.71,-1.299,11.989,0.993,25.0,0.02,1590.53,2194.77,0.602,0.398,13.01,-0.98
4.779,-1.335,11.607,0.992,25.0,0.02,1483.84,2242.84,0.629,0.371,13.39,-0.97
4.848,-0.654,11.51,0.993,25.0,0.02,1585.33,2197.13,0.604,0.396,13.49,-0.98
4.916,-0.681,11.953,0.994,25.0,0.02,1795.04,2099.53,0.551,0.449,13.05,-0.98
4.985,-1.866,12.116,0.993,25.0,0.02,1697.0,2145.72,0.576,0.424,12.88,-0.98
5.055,-2.284,12.159,0.993,25.0,0.02,1654.21,2165.56,0.586,0.414,12.84,-0.98
5.124,-2.114,12.598,0.992,25.0,0.02,1810.37,2092.22,0.547,0.453,12.4,-0.97
5.193,-1.087,12.516,0.993,25.0,0.02,1618.94,2181.78,0.595,0.405,12.48,-0.98
5.262,-1.152,12.952,0.991,25.0,0.02,1818.5,2088.33,0.545,0.455,12.05,-0.97
5.332,-0.862,12.698,0.991,25.0,0.02,1561.62,2207.9,0.61,0.39,12.3,-0.97
5.401,-1.05,14.069,0.99,25.0,0.02,1909.7,1859.82,0.453,0.547,10.93,-0.97
5.471,-1.804,13.707,0.991,25.0,0.02,1561.85,2207.67,0.612,0.388,11.29,-0.97
5.541,-2.198,12.833,0.989,25.0,0.02,1343.28,2304.65,0.664,0.336,12.17,-0.97
5.611,-1.631,12.804,0.989,25.0,0.02,1646.36,2169.19,0.588,0.412,12.2,-0.97
5.681,-1.983,13.056,1.56,25.0,0.03,1753.75,2119.11,0.561,0.439,11.94,-1.53
5.752,-2.598,13.506,1.777,25.0,0.03,1835.35,2080.25,0.541,0.459,11.49,-1.75
5.822,-1.688,13.379,1.857,25.0,0.03,1627.19,2178.0,0.593,0.407,11.62,-1.82
5.892,-1.301,13.593,1.887,25.0,0.03,1755.24,2118.4,0.561,0.439,11.41,-1.85
5.963,-2.286,13.589,1.897,25.0,0.03,1676.89,2155.06,0.581,0.419,11.41,-1.86
6.033,-1.869,13.281,1.9,25.0,0.03,1560.12,2208.58,0.61,0.39,11.72,-1.87
6.104,-1.688,13.352,1.899,25.0,0.03,1696.97,2145.73,0.576,0.424,11.65,-1.87
6.175,-1.107,12.954,1.899,25.0,0.03,1519.26,2227.0,0.62,0.38,12.05,-1.87
6.246,-0.012,13.668,1.897,25.0,0.03,1874.49,2032.83,0.517,0.483,11.33,-1.86
6.317,-0.567,13.965,1.895,25.0,0.03,1793.63,2100.21,0.552,0.448,11.04,-1.86
6.388,-1.196,13.648,1.894,25.0,0.03,1568.98,2204.56,0.608,0.392,11.35,-1.86
6.46,-1.894,13.688,1.892,25.0,0.03,1694.95,2146.67,0.576,0.424,11.31,-1.86
6.531,-2.05,13.73,1.891,25.0,0.03,1697.2,2145.62,0.576,0.424,11.27,-1.86
6.603,-1.631,13.454,1.889,25.0,0.03,1577.15,2200.86,0.606,0.394,11.55,-1.86
6.674,-1.082,12.93,1.889,25.0,0.03,1475.83,2246.41,0.631,0.369,12.07,-1.86
6.746,-0.082,13.544,1.887,25.0,0.03,1833.53,2052.41,0.527,0.473,11.46,-1.85
6.817,-0.823,13.685,1.886,25.0,0.03,1730.09,2130.24,0.567,0.433,11.32,-1.85
6.889,-1.028,13.349,1.885,25.0,0.03,1554.41,2211.16,0.611,0.389,11.65,-1.85
6.961,-0.471,13.958,1.884,25.0,0.03,1901.21,2048.35,0.525,0.475,11.04,-1.85
7.033,-0.817,13.899,1.884,25.0,0.03,1666.56,2159.86,0.583,0.417,11.1,-1.85
7.106,-0.537,13.393,1.883,25.0,0.03,1496.62,2237.14,0.626,0.374,11.61,-1.85
7.178,-0.463,14.018,2.453,25.0,0.04,1859.03,2045.58,0.523,0.477,10.98,-2.41
7.252,-1.122,14.475,2.669,25.0,0.05,1859.1,2068.8,0.535,0.465,10.53,-2.62
7.324,-2.175,13.775,2.75,25.0,0.05,1495.76,2261.74,0.64,0.36,11.23,-2.7
7.397,-2.136,13.127,2.779,25.0,0.05,1440.95,2261.88,0.64,0.36,11.87,-2.73
7.47,-2.019,13.129,2.789,25.0,0.05,1666.38,2159.93,0.583,0.417,11.87,-2.74
7.543,-3.098,13.001,2.791,25.0,0.05,1617.76,2182.33,0.595,0.405,12.0,-2.74
7.616,-2.538,12.604,2.79,25.0,0.05,1514.48,2229.14,0.621,0.379,12.4,-2.74
7.689,-1.764,12.875,2.789,25.0,0.05,1751.02,2120.4,0.562,0.438,12.13,-2.74
7.763,-2.591,12.764,2.787,25.0,0.05,1617.48,2182.46,0.596,0.404,12.24,-2.74
7.839,-2.724,12.955,2.784,25.0,0.05,1724.17,2133.02,0.569,0.431,12.04,-2.74
7.915,-2.727,13.687,2.783,25.0,0.05,1920.73,2038.8,0.52,0.48,11.31,-2.73
7.991,-1.403,13.626,2.78,25.0,0.05,1659.36,2163.18,0.585,0.415,11.37,-2.73
8.07,-1.938,14.478,2.78,25.0,0.05,1975.05,2011.98,0.506,0.494,10.52,-2.73
8.148,-2.467,14.098,2.778,25.0,0.05,1584.37,2204.02,0.607,0.393,10.9,-2.73
8.226,-2.159,13.895,2.778,25.0,0.05,1621.29,2180.71,0.595,0.405,11.11,-2.73
8.304,-0.951,14.211,2.776,25.0,0.05,1797.68,2098.28,0.551,0.449,10.79,-2.73
8.382,-0.989,14.845,2.774,25.0,0.05,1918.08,2040.1,0.52,0.48,10.15,-2.73
8.461,-0.678,15.261,2.772,25.0,0.05,1857.32,2069.66,0.536,0.464,9.74,-2.72
8.54,-1.035,14.805,2.771,25.0,0.05,1567.05,2205.44,0.608,0.392,10.2,-2.72
8.618,-0.296,14.746,2.769,25.0,0.05,1691.74,2148.17,0.577,0.423,10.25,-2.72
8.698,-0.302,14.851,2.768,25.0,0.05,1746.5,2122.52,0.563,0.437,10.15,-2.72
8.777,-0.372,14.339,2.767,25.0,0.05,1536.62,2219.19,0.616,0.384,10.66,-2.72
8.856,-0.68,13.456,2.767,25.0,0.05,1394.29,2282.41,0.651,0.349,11.54,-2.72
8.935,0.085,12.583,2.766,25.0,0.05,1374.56,2291.04,0.656,0.344,12.42,-2.72
9.015,-0.803,12.697,3.339,25.0,0.06,1689.41,2149.25,0.578,0.422,12.3,-3.28
9.094,-2.835,11.949,3.556,25.0,0.06,1396.41,2281.49,0.651,0.349,13.05,-3.49
9.175,-2.836,12.596,3.637,25.0,0.06,1801.07,2072.44,0.537,0.463,12.4,-3.57
9.255,-3.599,13.681,3.667,25.0,0.06,2011.06,1976.9,0.494,0.506,11.32,-3.6
9.335,-3.58,12.624,3.675,25.0,0.06,1610.96,2314.95,0.67,0.33,12.38,-3.61
9.415,-2.612,12.574,3.677,25.0,0.06,1634.52,2174.63,0.591,0.409,12.43,-3.61
9.496,-2.442,13.216,3.676,25.0,0.06,1867.64,2064.67,0.533,0.467,11.78,-3.61
9.576,-1.665,13.529,3.673,25.0,0.06,1774.33,2109.37,0.556,0.444,11.47,-3.61
9.656,-1.627,14.164,3.671,25.0,0.06,1892.92,2052.39,0.527,0.473,10.84,-3.61
9.737,-0.744,13.961,3.669,25.0,0.06,1624.92,2179.05,0.594,0.406,11.04,-3.61
9.817,-0.682,13.469,3.666,25.0,0.06,1521.83,2225.85,0.619,0.381,11.53,-3.6
9.898,-0.963,13.084,3.666,25.0,0.06,1544.25,2215.75,0.614,0.386,11.92,-3.6
9.979,-1.038,12.616,3.664,25.0,0.06,1506.02,2232.93,0.623,0.377,12.38,-3.6
10.06,-0.488,12.457,3.661,25.0,0.06,1597.79,2191.46,0.6,0.4,12.54,-3.6
10.142,-1.191,12.382,3.66,25.0,0.06,1621.82,2180.47,0.594,0.406,12.62,-3.6
10.224,-1.396,12.177,3.66,25.0,0.06,1576.4,2201.19,0.606,0.394,12.82,-3.6
10.305,-1.555,11.655,3.659,25.0,0.06,1463.76,2251.78,0.634,0.366,13.34,-3.6
10.387,-1.582,11.501,3.658,25.0,0.06,1573.6,2202.47,0.607,0.393,13.5,-3.59
10.468,-1.498,11.759,3.656,25.0,0.06,1707.62,2140.76,0.573,0.427,13.24,-3.59
10.55,-1.701,11.823,3.654,25.0,0.06,1649.3,2167.83,0.588,0.412,13.18,-3.59
10.632,-2.534,11.491,3.654,25.0,0.06,1518.57,2227.31,0.62,0.38,13.51,-3.59
10.714,-3.131,10.934,3.653,25.0,0.06,1433.28,2265.27,0.642,0.358,14.07,-3.59
10.795,-2.369,11.549,3.653,25.0,0.06,1811.42,2091.72,0.547,0.453,13.45,-3.59
10.878,-2.892,10.949,3.652,25.0,0.06,1422.42,2270.06,0.644,0.356,14.05,-3.59
10.961,-2.598,12.038,3.652,25.0,0.06,1838.16,2017.1,0.509,0.491,12.96,-3.59
11.036,-2.155,12.349,3.651,25.0,0.06,1747.15,2122.22,0.563,0.437,12.65,-3.59
11.119,-1.496,12.535,3.649,25.0,0.06,1705.61,2141.7,0.574,0.426,12.46,-3.59
11.202,-2.339,12.942,3.649,25.0,0.06,1783.79,2104.88,0.554,0.446,12.06,-3.59
11.285,-1.885,13.345,3.65,25.0,0.06,1793.27,2100.38,0.552,0.448,11.66,-3.59
11.368,-2.339,14.489,3.649,25.0,0.06,2024.44,1949.91,0.488,0.512,10.51,-3.59
11.452,-2.292,14.631,3.649,25.0,0.06,1749.36,2121.18,0.563,0.437,10.37,-3.59
11.535,-2.992,15.569,3.648,25.0,0.06,2008.01,1983.05,0.496,0.504,9.43,-3.58
11.619,-3.154,15.701,3.649,25.0,0.06,1776.58,2108.31,0.556,0.444,9.3,-3.59
11.702,-3.478,16.232,3.648,25.0,0.06,1911.34,2043.4,0.522,0.478,8.77,-3.58
11.786,-2.418,16.228,3.648,25.0,0.06,1750.26,2120.75,0.562,0.438,8.77,-3.58
11.87,-2.923,15.369,3.646,25.0,0.06,1471.05,2248.54,0.632,0.368,9.63,-3.58
11.954,-2.642,15.456,3.645,25.0,0.06,1756.08,2118.01,0.561,0.439,9.54,-3.58
12.038,-2.501,15.397,3.646,25.0,0.06,1710.71,2139.32,0.572,0.428,9.6,-3.58
12.122,-2.129,14.408,3.645,25.0,0.06,1405.06,2277.69,0.649,0.351,10.59,-3.58
12.206,-1.711,13.929,4.22,25.0,0.07,1544.89,2215.46,0.614,0.386,11.07,-4.15
12.29,-2.977,13.566,4.437,25.0,0.08,1569.14,2204.49,0.608,0.392,11.43,-4.36
12.375,-2.15,13.225,4.519,25.0,0.08,1566.83,2205.54,0.608,0.392,11.77,-4.44
12.459,-2.003,13.275,4.548,25.0,0.08,1684.36,2151.6,0.579,0.421,11.72,-4.47
12.544,-2.049,13.317,4.556,25.0,0.08,1682.78,2152.33,0.579,0.421,11.68,-4.48
12.629,-2.316,14.113,4.559,25.0,0.08,1928.63,2034.92,0.518,0.482,10.89,-4.48
12.714,-1.877,13.46,4.559,25.0,0.08,1503.48,2243.77,0.63,0.37,11.54,-4.48
12.799,-2.127,12.578,4.557,25.0,0.08,1389.55,2284.49,0.653,0.347,12.42,-4.48
12.884,-1.467,12.846,4.555,25.0,0.08,1736.83,2127.08,0.566,0.434,12.15,-4.48
12.969,-0.875,12.81,4.552,25.0,0.08,1646.03,2169.34,0.588,0.412,12.19,-4.47
13.054,-1.849,12.416,4.551,25.0,0.08,1529.72,2222.3,0.618,0.382,12.58,-4.47
13.14,-1.73,12.304,4.549,25.0,0.08,1610.04,2185.86,0.597,0.403,12.7,-4.47
13.225,-1.618,11.813,4.546,25.0,0.08,1484.82,2242.41,0.629,0.371,13.19,-4.47
13.311,-1.799,12.907,4.545,25.0,0.08,1912.7,2009.19,0.505,0.495,12.09,-4.47
13.399,-2.425,13.344,4.545,25.0,0.08,1796.69,2098.75,0.551,0.449,11.66,-4.47
13.484,-1.846,12.987,4.543,25.0,0.08,1557.0,2209.99,0.611,0.389,12.01,-4.46
13.57,-1.52,13.362,4.541,25.0,0.08,1781.59,2105.93,0.555,0.445,11.64,-4.46
13.656,-1.763,14.139,4.542,25.0,0.08,1920.29,2039.01,0.52,0.48,10.86,-4.46
13.743,-0.823,14.204,4.541,25.0,0.08,1714.01,2137.78,0.571,0.429,10.8,-4.46
13.829,-1.545,13.889,4.539,25.0,0.08,1594.65,2192.89,0.601,0.399,11.11,-4.46
13.915,-1.458,14.249,4.539,25.0,0.08,1801.16,2096.62,0.55,0.45,10.75,-4.46
14.002,-1.396,14.741,4.538,25.0,0.08,1852.27,2072.1,0.537,0.463,10.26,-4.46
14.089,-0.841,14.496,4.537,25.0,0.08,1632.39,2175.62,0.592,0.408,10.5,-4.46
14.176,-2.333,14.063,4.537,25.0,0.08,1565.86,2205.98,0.608,0.392,10.94,-4.46
14.263,-2.079,13.92,5.111,25.0,0.09,1646.11,2169.3,0.588,0.412,11.08,-5.02
14.35,-2.522,14.219,5.327,25.0,0.09,1781.83,2105.82,0.554,0.446,10.78,-5.23
14.438,-2.385,14.092,5.409,25.0,0.09,1655.57,2164.94,0.586,0.414,10.91,-5.31
14.525,-1.8,13.207,5.436,25.0,0.09,1413.44,2274.01,0.647,0.353,11.79,-5.34
14.613,-1.148,12.784,5.447,25.0,0.1,1534.54,2220.13,0.616,0.384,12.22,-5.35
14.703,-0.911,12.268,5.448,25.0,0.1,1498.27,2236.4,0.625,0.375,12.73,-5.35
14.791,-1.112,12.679,5.445,25.0,0.1,1770.38,2111.25,0.557,0.443,12.32,-5.35
14.88,-1.552,13.013,5.444,25.0,0.1,1756.45,2117.83,0.561,0.439,11.99,-5.35
14.968,-1.661,12.865,5.443,25.0,0.09,1615.85,2183.2,0.596,0.404,12.14,-5.35
15.056,-2.733,13.153,5.44,25.0,0.09,1748.16,2121.74,0.563,0.437,11.85,-5.34
15.144,-2.92,12.772,5.438,25.0,0.09,1547.21,2214.41,0.613,0.387,12.23,-5.34
15.233,-2.233,13.243,5.437,25.0,0.09,1802.28,2096.08,0.549,0.451,11.76,-5.34
15.321,-3.156,14.578,6.011,25.0,0.1,2041.83,1914.55,0.479,0.521,10.42,-5.91
15.41,-2.022,14.603,6.226,25.0,0.11,1713.1,2138.2,0.572,0.428,10.4,-6.12
15.5,-1.743,14.341,6.306,25.0,0.11,1625.52,2178.77,0.594,0.406,10.66,-6.2
15.59,-2.137,14.628,6.335,25.0,0.11,1786.56,2103.57,0.553,0.447,10.37,-6.22
15.681,-1.727,15.3,6.343,25.0,0.11,1911.94,2043.1,0.522,0.478,9.7,-6.23
15.77,-1.642,15.211,6.342,25.0,0.11,1697.97,2145.26,0.575,0.425,9.79,-6.23
15.862,-2.701,14.767,6.34,25.0,0.11,1588.3,2195.78,0.603,0.397,10.23,-6.23
15.952,-3.312,15.307,6.339,25.0,0.11,1875.42,2060.9,0.531,0.469,9.69,-6.23
16.043,-2.611,15.329,6.336,25.0,0.11,1731.85,2129.42,0.567,0.433,9.67,-6.23
16.134,-3.085,14.675,6.331,25.0,0.11,1527.45,2223.32,0.618,0.382,10.33,-6.22
16.225,-2.118,15.02,6.329,25.0,0.11,1813.1,2090.92,0.547,0.453,9.98,-6.22
16.316,-1.79,14.926,6.327,25.0,0.11,1688.88,2149.49,0.578,0.422,10.07,-6.22
16.407,-1.539,15.064,6.325,25.0,0.11,1756.61,2117.76,0.561,0.439,9.94,-6.21
16.498,-1.938,14.197,6.323,25.0,0.11,1455.99,2255.23,0.636,0.364,10.8,-6.21
16.59,-2.468,14.346,6.321,25.0,0.11,1739.64,2125.75,0.565,0.435,10.65,-6.21
16.682,-1.245,14.923,6.319,25.0,0.11,1872.59,2062.27,0.532,0.468,10.08,-6.21
16.774,-1.504,13.958,6.318,25.0,0.11,1424.78,2269.02,0.644,0.356,11.04,-6.21
16.865,-2.393,13.395,6.316,25.0,0.11,1518.36,2227.4,0.62,0.38,11.6,-6.21
16.957,-2.844,14.386,6.89,25.0,0.12,1971.09,2013.95,0.507,0.493,10.61,-6.77
17.049,-2.176,13.793,7.108,25.0,0.12,1521.93,2225.8,0.619,0.381,11.21,-6.98
17.141,-2.785,13.367,7.188,25.0,0.13,1555.59,2210.63,0.611,0.389,11.63,-7.06
17.234,-2.242,13.659,7.216,25.0,0.13,1759.24,2116.52,0.56,0.44,11.34,-7.09
17.327,-2.259,14.021,7.224,25.0,0.13,1787.22,2103.26,0.553,0.447,10.98,-7.1
17.42,-1.367,13.659,7.223,25.0,0.13,1581.7,2198.79,0.605,0.395,11.34,-7.1
17.513,-1.482,13.315,7.224,25.0,0.13,1577.32,2200.78,0.606,0.394,11.69,-7.1
17.606,-2.336,12.75,7.22,25.0,0.13,1502.28,2234.61,0.624,0.376,12.25,-7.09
17.7,-1.35,13.556,7.217,25.0,0.13,1893.07,2052.32,0.527,0.473,11.44,-7.09
17.793,-2.056,12.571,7.215,25.0,0.13,1424.91,2286.11,0.653,0.347,12.43,-7.09
17.887,-2.324,13.1,7.213,25.0,0.13,1806.81,2093.92,0.548,0.452,11.9,-7.09
17.981,-1.472,13.616,7.21,25.0,0.13,1816.71,2089.19,0.546,0.454,11.38,-7.08
18.074,-2.275,14.213,7.207,25.0,0.13,1854.99,2070.79,0.536,0.464,10.79,-7.08
18.169,-1.728,14.799,7.204,25.0,0.13,1867.43,2064.77,0.533,0.467,10.2,-7.08
18.262,-2.203,14.531,7.204,25.0,0.13,1631.64,2175.96,0.592,0.408,10.47,-7.08
18.355,-2.513,15.168,7.202,25.0,0.13,1892.39,2052.65,0.527,0.473,9.83,-7.08
18.449,-2.514,15.325,7.201,25.0,0.13,1767.89,2112.42,0.558,0.442,9.68,-7.08
18.542,-2.738,16.126,7.2,25.0,0.13,1963.06,2017.93,0.509,0.491,8.87,-7.07
18.636,-2.488,15.374,7.198,25.0,0.13,1525.31,2224.28,0.619,0.381,9.63,-7.07
18.73,-1.841,15.287,7.198,25.0,0.13,1701.28,2143.72,0.575,0.425,9.71,-7.07
18.824,-2.326,14.887,7.197,25.0,0.13,1606.64,2187.42,0.598,0.402,10.11,-7.07
18.918,-1.996,14.957,7.197,25.0,0.13,1734.27,2128.28,0.566,0.434,10.04,-7.07
19.012,-2.331,14.01,7.196,25.0,0.13,1436.38,2263.9,0.641,0.359,10.99,-7.07
19.106,-2.888,14.111,7.195,25.0,0.13,1719.15,2135.37,0.57,0.43,10.89,-7.07
19.201,-1.751,13.9,7.772,25.0,0.14,1630.22,2176.61,0.592,0.408,11.1,-7.64
19.296,-0.862,13.913,7.988,25.0,0.14,1690.41,2148.78,0.577,0.423,11.09,-7.85
19.39,-0.806,13.9,8.068,25.0,0.14,1683.04,2152.21,0.579,0.421,11.1,-7.93
19.485,-1.542,13.998,8.096,25.0,0.14,1715.15,2137.24,0.571,0.429,11.0,-7.95
19.579,-2.776,13.631,8.105,25.0,0.14,1581.86,2198.71,0.604,0.396,11.37,-7.96
19.674,-2.288,14.17,8.106,25.0,0.14,1836.36,2079.76,0.541,0.459,10.83,-7.96
19.769,-1.589,13.712,8.104,25.0,0.14,1559.93,2208.66,0.61,0.39,11.29,-7.96
19.864,-1.868,13.356,8.102,25.0,0.14,1577.64,2200.63,0.606,0.394,11.64,-7.96
19.959,-2.738,13.684,8.1,25.0,0.14,1767.02,2112.83,0.558,0.442,11.32,-7.96
20.055,-1.845,13.565,8.097,25.0,0.14,1646.01,2169.35,0.588,0.412,11.43,-7.96
20.15,-1.521,13.638,8.094,25.0,0.14,1698.42,2145.06,0.575,0.425,11.36,-7.95
20.245,-0.858,13.163,8.092,25.0,0.14,1541.27,2217.09,0.615,0.385,11.84,-7.95
20.341,-0.526,13.622,8.092,25.0,0.14,1799.57,2097.38,0.55,0.45,11.38,-7.95
20.437,-0.696,13.951,8.09,25.0,0.14,1774.1,2109.48,0.556,0.444,11.05,-7.95
20.533,-0.411,14.225,8.088,25.0,0.14,1766.97,2112.86,0.558,0.442,10.78,-7.95
20.629,-1.132,13.516,8.085,25.0,0.14,1490.46,2239.89,0.627,0.373,11.48,-7.94
20.725,-1.757,14.664,8.085,25.0,0.14,1970.57,1991.66,0.498,0.502,10.34,-7.94
20.822,-2.458,14.437,8.085,25.0,0.14,1642.11,2171.14,0.589,0.411,10.56,-7.94
20.918,-2.33,15.185,8.083,25.0,0.14,1916.39,2040.93,0.521,0.479,9.81,-7.94
21.015,-0.71,14.052,8.083,25.0,0.14,1431.06,2281.16,0.651,0.349,10.95,-7.94
21.17,-1.236,13.128,8.084,25.0,0.14,1515.49,2228.69,0.621,0.379,11.87,-7.94
21.325,-2.175,12.735,8.69,25.0,0.15,1591.03,2194.54,0.602,0.398,12.27,-8.54
21.48,-2.235,12.775,8.913,25.0,0.16,1662.4,2161.78,0.584,0.416,12.22,-8.76
21.636,-1.59,12.563,8.988,25.0,0.16,1615.85,2183.2,0.596,0.404,12.44,-8.83
21.791,-1.763,12.84,9.01,25.0,0.16,1702.23,2143.28,0.574,0.426,12.16,-8.85
21.947,-2.345,12.98,9.013,25.0,0.16,1683.94,2151.79,0.579,0.421,12.02,-8.86
22.103,-2.957,12.785,9.008,25.0,0.16,1624.67,2179.16,0.594,0.406,12.22,-8.85
22.259,-2.534,13.661,9.001,25.0,0.16,1820.93,2087.17,0.545,0.455,11.34,-8.84
22.415,-1.997,14.082,8.996,25.0,0.16,1758.85,2116.7,0.56,0.44,10.92,-8.84
22.572,-1.392,14.425,8.989,25.0,0.16,1755.73,2118.17,0.561,0.439,10.58,-8.83
22.728,-0.997,14.213,8.985,25.0,0.16,1660.95,2162.45,0.585,0.415,10.79,-8.83
22.886,-0.81,14.74,8.98,25.0,0.16,1793.5,2100.27,0.552,0.448,10.26,-8.82
23.042,-2.177,14.106,8.979,25.0,0.16,1590.38,2194.84,0.602,0.398,10.89,-8.82
23.2,-2.108,14.087,8.974,25.0,0.16,1688.37,2149.74,0.578,0.422,10.91,-8.82
23.359,-2.426,13.057,8.972,25.0,0.16,1500.35,2235.47,0.625,0.375,11.94,-8.81
23.518,-2.203,12.472,8.969,25.0,0.16,1555.3,2210.76,0.611,0.389,12.53,-8.81
23.677,-1.549,13.202,8.968,25.0,0.16,1782.7,2105.4,0.554,0.446,11.8,-8.81
23.836,-1.52,12.762,8.967,25.0,0.16,1586.0,2196.83,0.603,0.397,12.24,-8.81
23.995,-0.901,13.028,9.56,25.0,0.17,1704.66,2142.14,0.574,0.426,11.97,-9.39
24.155,-0.807,13.086,9.782,25.0,0.17,1673.35,2156.71,0.582,0.418,11.91,-9.61
24.314,-1.782,13.523,9.861,25.0,0.17,1745.02,2123.22,0.564,0.436,11.48,-9.69
24.475,-1.349,14.925,9.885,25.0,0.17,1933.61,2032.47,0.517,0.483,10.07,-9.71
24.635,-2.106,15.302,9.889,25.0,0.17,1783.51,2105.02,0.554,0.446,9.7,-9.72
24.796,-1.548,16.048,9.887,25.0,0.17,1860.9,2067.93,0.535,0.465,8.95,-9.71
24.956,-1.943,16.358,9.882,25.0,0.17,1801.55,2096.43,0.55,0.45,8.64,-9.71
25.117,-2.598,14.868,9.877,25.0,0.17,1479.77,2244.66,0.63,0.37,10.13,-9.7
25.278,-2.25,14.501,9.871,25.0,0.17,1645.02,2169.8,0.589,0.411,10.5,-9.7
25.439,-2.835,14.114,9.867,25.0,0.17,1631.89,2175.84,0.592,0.408,10.89,-9.69
25.601,-2.703,13.635,9.862,25.0,0.17,1604.31,2188.48,0.599,0.401,11.37,-9.69
25.762,-2.839,13.419,10.455,25.0,0.18,1639.75,2172.23,0.59,0.41,11.58,-10.27
25.925,-2.909,13.264,10.675,25.0,0.19,1645.1,2169.77,0.589,0.411,11.74,-10.49
26.088,-1.463,13.36,10.752,25.0,0.19,1686.45,2150.63,0.578,0.422,11.64,-10.56
26.251,-1.274,12.78,10.776,25.0,0.19,1566.54,2205.67,0.608,0.392,12.22,-10.59
26.413,-1.523,13.695,10.778,25.0,0.19,1822.35,2086.49,0.544,0.456,11.31,-10.59
26.576,-1.184,14.001,10.776,25.0,0.19,1735.97,2127.48,0.566,0.434,11.0,-10.59
26.74,-1.872,15.402,10.769,25.0,0.19,1941.45,2028.61,0.515,0.485,9.6,-10.58
26.903,-2.52,16.038,10.765,25.0,0.19,1841.72,2077.19,0.54,0.46,8.96,-10.58
27.068,-2.344,16.543,10.76,25.0,0.19,1834.5,2080.66,0.541,0.459,8.46,-10.57
27.232,-2.047,17.5,10.756,25.0,0.19,1929.79,2034.35,0.517,0.483,7.5,-10.57
27.397,-2.857,16.924,10.751,25.0,0.19,1680.04,2153.6,0.58,0.42,8.08,-10.56
27.562,-1.815,15.827,10.747,25.0,0.19,1570.52,2203.87,0.607,0.393,9.17,-10.56
27.727,-2.117,14.999,10.745,25.0,0.19,1590.12,2194.95,0.602,0.398,10.0,-10.56
27.892,-1.521,14.827,10.743,25.0,0.19,1684.9,2151.35,0.579,0.421,10.17,-10.56
28.058,-2.529,14.03,10.74,25.0,0.19,1568.51,2204.78,0.608,0.392,10.97,-10.55
28.226,-2.16,13.429,10.739,25.0,0.19,1583.59,2197.93,0.604,0.396,11.57,-10.55
28.391,-2.725,13.56,10.737,25.0,0.19,1696.86,2145.78,0.576,0.424,11.44,-10.55
28.556,-2.437,13.699,10.737,25.0,0.19,1701.92,2143.42,0.574,0.426,11.3,-10.55
28.721,-2.944,13.868,10.735,25.0,0.19,1710.88,2139.24,0.572,0.428,11.13,-10.55
28.886,-2.145,14.59,10.734,25.0,0.19,1814.43,2090.28,0.546,0.454,10.41,-10.55
29.052,-1.398,15.787,10.733,25.0,0.19,1918.56,2039.86,0.52,0.48,9.21,-10.55
29.218,-1.02,15.904,10.732,25.0,0.19,1757.79,2117.2,0.56,0.44,9.1,-10.54
29.384,-1.417,15.173,11.328,25.0,0.2,1609.7,2186.02,0.598,0.402,9.83,-11.13
29.55,-2.417,14.83,11.55,25.0,0.2,1659.08,2163.31,0.585,0.415,10.17,-11.35
29.717,-1.396,13.592,11.63,25.0,0.2,1490.93,2239.68,0.627,0.373,11.41,-11.43
29.883,-1.252,13.055,11.654,25.0,0.2,1582.35,2198.49,0.604,0.396,11.95,-11.45
30.05,-1.85,12.197,11.658,25.0,0.2,1511.35,2230.55,0.622,0.378,12.8,-11.45
30.216,-1.965,11.622,11.654,25.0,0.2,1538.54,2218.33,0.615,0.385,13.38,-11.45
30.384,-2.015,12.043,11.649,25.0,0.2,1699.83,2144.39,0.575,0.425,12.96,-11.45
30.551,-1.711,12.446,11.646,25.0,0.2,1707.64,2140.75,0.573,0.427,12.55,-11.44
30.719,-2.171,13.116,11.642,25.0,0.2,1765.64,2113.49,0.559,0.441,11.88,-11.44
30.886,-1.616,14.721,11.638,25.0,0.2,1948.41,2025.18,0.513,0.487,10.28,-11.43
31.048,-1.915,16.424,11.634,25.0,0.2,2008.83,1981.39,0.495,0.505,8.58,-11.43
31.219,-2.448,16.359,11.632,25.0,0.2,1742.58,2124.37,0.564,0.436,8.64,-11.43
31.388,-1.046,16.538,11.628,25.0,0.2,1783.54,2105.0,0.554,0.446,8.46,-11.43
31.556,-1.793,16.167,11.626,25.0,0.2,1691.39,2148.33,0.577,0.423,8.83,-11.42
31.725,-1.431,14.582,11.623,25.0,0.2,1467.94,2249.92,0.633,0.367,10.42,-11.42
31.893,-0.768,13.069,12.219,25.0,0.21,1438.48,2262.98,0.64,0.36,11.93,-12.01
32.062,-1.1,12.347,12.44,25.0,0.22,1537.16,2218.95,0.616,0.384,12.65,-12.22
32.231,-1.617,12.359,12.518,25.0,0.22,1646.85,2168.96,0.588,0.412,12.64,-12.3
32.401,-2.578,11.755,12.542,25.0,0.22,1539.64,2217.83,0.615,0.385,13.25,-12.32
32.57,-2.242,11.861,12.545,25.0,0.22,1647.73,2168.55,0.588,0.412,13.14,-12.33
32.739,-2.206,11.487,12.543,25.0,0.22,1566.6,2205.64,0.608,0.392,13.51,-12.32
32.909,-2.599,13.086,13.134,25.0,0.23,1901.2,2048.36,0.525,0.475,11.91,-12.91
33.079,-1.642,14.285,13.353,25.0,0.23,1873.62,2061.78,0.532,0.468,10.71,-13.12
33.25,-0.944,16.032,13.428,25.0,0.23,1998.6,2000.25,0.5,0.5,8.97,-13.19
33.422,-0.794,17.581,13.448,25.0,0.23,2004.88,1989.31,0.497,0.503,7.42,-13.21
33.594,-1.472,17.523,13.448,25.0,0.23,1773.66,2109.69,0.557,0.443,7.48,-13.21
33.768,-1.707,16.522,13.443,25.0,0.23,1610.76,2185.53,0.597,0.403,8.48,-13.21
33.94,-0.479,16.385,13.435,25.0,0.23,1731.88,2129.4,0.567,0.433,8.61,-13.2
34.114,-0.774,15.281,13.429,25.0,0.23,1562.74,2207.39,0.609,0.391,9.72,-13.19
34.286,-1.217,13.452,13.421,25.0,0.23,1407.88,2276.46,0.648,0.352,11.55,-13.19
34.46,-1.306,12.555,13.415,25.0,0.23,1520.64,2226.38,0.62,0.38,12.45,-13.18
34.633,-2.04,11.815,13.41,25.0,0.23,1523.56,2225.07,0.619,0.381,13.18,-13.18
34.806,-2.366,11.964,14.004,25.0,0.24,1656.65,2164.43,0.586,0.414,13.04,-13.76
34.979,-2.496,12.377,14.224,25.0,0.25,1706.22,2141.41,0.573,0.427,12.62,-13.98
35.152,-1.546,13.695,14.299,25.0,0.25,1872.09,2062.52,0.532,0.468,11.31,-14.05
35.325,-2.036,14.412,14.322,25.0,0.25,1803.21,2095.64,0.549,0.451,10.59,-14.07
35.499,-3.542,14.525,14.325,25.0,0.25,1718.63,2135.61,0.57,0.43,10.48,-14.07
35.672,-1.764,15.7,14.322,25.0,0.25,1903.17,2047.39,0.524,0.476,9.3,-14.07
35.846,-2.172,15.865,14.315,25.0,0.25,1761.41,2115.49,0.56,0.44,9.13,-14.07
36.02,-2.04,16.799,14.308,25.0,0.25,1896.79,2050.51,0.526,0.474,8.2,-14.06
36.195,-2.59,17.112,14.302,25.0,0.25,1815.62,2089.71,0.546,0.454,7.89,-14.05
36.369,-1.72,15.563,14.297,25.0,0.25,1506.15,2232.87,0.623,0.377,9.44,-14.05
36.544,-0.374,15.173,14.293,25.0,0.25,1663.21,2161.41,0.584,0.416,9.83,-14.04
36.718,-0.308,14.007,14.29,25.0,0.25,1521.11,2226.17,0.62,0.38,10.99,-14.04
36.893,-1.781,13.556,14.286,25.0,0.25,1611.82,2185.05,0.597,0.403,11.44,-14.04
37.069,-2.593,12.618,14.284,25.0,0.25,1517.8,2227.65,0.62,0.38,12.38,-14.03
37.244,-2.53,12.389,14.282,25.0,0.25,1613.43,2184.31,0.597,0.403,12.61,-14.03
37.419,-3.183,12.13,14.281,25.0,0.25,1602.48,2189.32,0.599,0.401,12.87,-14.03
37.595,-2.514,12.967,14.279,25.0,0.25,1780.75,2106.33,0.555,0.445,12.03,-14.03
37.771,-2.131,13.009,14.279,25.0,0.25,1668.44,2158.98,0.583,0.417,11.99,-14.03
37.948,-1.72,13.943,14.877,25.0,0.26,1820.27,2087.49,0.545,0.455,11.06,-14.62
38.125,-1.607,14.507,15.1,25.0,0.26,1781.27,2106.08,0.555,0.445,10.49,-14.84
38.302,-1.763,16.395,15.176,25.0,0.26,2009.68,1979.67,0.495,0.505,8.6,-14.91
38.478,-1.894,16.784,15.199,25.0,0.27,1816.45,2089.31,0.546,0.454,8.22,-14.93
38.655,-1.763,17.221,15.203,25.0,0.27,1834.78,2080.52,0.541,0.459,7.78,-14.94
38.832,-1.922,15.913,15.199,25.0,0.27,1552.64,2211.96,0.612,0.388,9.09,-14.93
39.01,-2.023,14.524,15.193,25.0,0.27,1505.11,2233.34,0.624,0.376,10.48,-14.93
39.188,-2.895,13.733,15.188,25.0,0.27,1569.68,2204.25,0.608,0.392,11.27,-14.92
39.365,-3.592,12.388,15.182,25.0,0.26,1456.38,2255.05,0.636,0.364,12.61,-14.92
39.543,-3.711,11.347,15.179,25.0,0.26,1472.51,2247.89,0.632,0.368,13.65,-14.91
39.721,-3.531,10.484,15.174,25.0,0.26,1475.68,2246.48,0.631,0.369,14.52,-14.91
39.901,-3.456,9.906,15.172,25.0,0.26,1501.72,2234.86,0.625,0.375,15.09,-14.91
40.081,-2.294,11.373,15.17,25.0,0.26,1825.29,2085.08,0.544,0.456,13.63,-14.9
40.261,-2.584,12.456,15.169,25.0,0.26,1799.54,2097.39,0.55,0.45,12.54,-14.9
40.44,-3.3,14.373,15.167,25.0,0.26,1966.08,2016.44,0.508,0.492,10.63,-14.9
40.621,-1.404,16.175,15.166,25.0,0.26,1995.89,2001.6,0.501,0.499,8.82,-14.9
40.802,-0.349,17.217,15.165,25.0,0.26,1917.54,2040.37,0.521,0.479,7.78,-14.9
40.982,-0.055,17.754,15.164,25.0,0.26,1861.44,2067.67,0.535,0.465,7.25,-14.9
41.163,-0.287,17.009,15.163,25.0,0.26,1663.59,2161.23,0.584,0.416,7.99,-14.9
41.344,-0.56,15.644,15.16,25.0,0.26,1541.98,2216.78,0.614,0.386,9.36,-14.9
41.526,-0.111,14.116,15.159,25.0,0.26,1479.71,2244.69,0.63,0.37,10.88,-14.89
41.707,-0.166,12.177,15.759,25.0,0.28,1373.22,2291.63,0.657,0.343,12.82,-15.48
41.89,0.343,12.404,15.983,25.0,0.28,1678.54,2154.3,0.58,0.42,12.6,-15.7
42.073,-0.369,11.875,16.06,25.0,0.28,1561.04,2208.16,0.61,0.39,13.12,-15.78
42.255,-1.669,12.755,16.083,25.0,0.28,1777.2,2108.01,0.556,0.444,12.25,-15.8
42.438,-1.008,12.825,16.087,25.0,0.28,1667.68,2159.33,0.583,0.417,12.17,-15.81
42.621,-2.193,14.919,16.083,25.0,0.28,1999.79,1999.52,0.5,0.5,10.08,-15.8
42.804,-2.609,16.268,16.079,25.0,0.28,1932.28,2033.13,0.517,0.483,8.73,-15.8
42.988,-1.959,17.344,16.075,25.0,0.28,1922.13,2038.11,0.519,0.481,7.66,-15.79
43.173,-1.41,18.257,16.07,25.0,0.28,1923.01,2037.68,0.519,0.481,6.74,-15.79
43.357,-0.619,19.043,16.066,25.0,0.28,1926.73,2035.85,0.518,0.482,5.96,-15.79
43.542,-0.527,18.364,16.061,25.0,0.28,1709.57,2139.85,0.573,0.427,6.64,-15.78
43.728,-1.751,17.06,16.057,25.0,0.28,1591.23,2194.45,0.602,0.398,7.94,-15.78
43.914,-0.675,15.402,16.054,25.0,0.28,1500.12,2235.58,0.625,0.375,9.6,-15.77
44.1,-2.069,13.403,16.052,25.0,0.28,1402.85,2278.66,0.649,0.351,11.6,-15.77
44.286,-2.11,11.31,16.051,25.0,0.28,1336.96,2307.39,0.666,0.334,13.69,-15.77
44.472,-1.624,9.782,16.651,25.0,0.29,1374.64,2291.01,0.656,0.344,15.22,-16.36
44.659,-3.037,10.391,16.872,25.0,0.29,1678.49,2154.33,0.58,0.42,14.61,-16.58
44.847,-2.841,11.313,16.95,25.0,0.3,1742.99,2124.18,0.564,0.436,13.69,-16.65
45.034,-3.634,13.106,16.973,25.0,0.3,1906.24,2045.89,0.523,0.477,11.89,-16.68
45.221,-2.026,15.729,16.976,25.0,0.3,2041.45,1915.33,0.479,0.521,9.27,-16.68
45.409,-1.375,17.101,16.973,25.0,0.3,1951.57,2023.62,0.512,0.488,7.9,-16.68
45.598,-1.048,18.599,16.968,25.0,0.3,2003.14,1992.8,0.498,0.502,6.4,-16.67
45.786,-0.207,19.287,16.962,25.0,0.3,1916.37,2040.94,0.521,0.479,5.71,-16.67
45.975,-0.717,18.973,16.955,25.0,0.3,1774.6,2109.25,0.556,0.444,6.03,-16.66
46.164,-0.982,18.346,16.949,25.0,0.3,1716.97,2136.39,0.571,0.429,6.65,-16.65
46.354,-1.09,15.801,16.947,25.0,0.3,1396.98,2281.24,0.651,0.349,9.2,-16.65
46.543,-0.961,13.979,16.943,25.0,0.3,1445.57,2259.84,0.639,0.361,11.02,-16.65
46.732,-0.056,11.314,16.941,25.0,0.3,1266.34,2337.8,0.683,0.317,13.69,-16.65
46.923,0.288,9.497,17.54,25.0,0.31,1335.27,2308.13,0.666,0.334,15.5,-17.23
47.114,-0.395,9.699,17.762,25.0,0.31,1606.57,2187.45,0.598,0.402,15.3,-17.45
47.304,-0.27,11.229,17.839,25.0,0.31,1820.2,2087.52,0.545,0.455,13.77,-17.53
47.494,0.596,13.598,17.861,25.0,0.31,1990.51,2004.29,0.502,0.498,11.4,-17.55
47.685,0.46,15.532,17.865,25.0,0.31,1982.05,2008.5,0.504,0.496,9.47,-17.55
47.876,-50.197,43.602,17.859,25.0,0.31,2500.0,1053.36,-0.535,1.535,-18.6,-17.55
48.061,-37.05,38.786,17.852,25.0,0.31,2012.23,1978.33,0.582,0.418,-13.79,-17.54
48.252,-24.798,33.755,17.847,25.0,0.31,1534.9,2219.97,0.616,0.384,-8.75,-17.54
48.442,-16.036,28.404,17.841,25.0,0.31,1354.02,2299.99,0.661,0.339,-3.4,-17.53
48.633,-10.392,23.998,17.837,25.0,0.31,1365.59,2294.95,0.659,0.341,1.0,-17.53
48.824,-7.979,20.008,17.832,25.0,0.31,1316.92,2316.06,0.671,0.329,4.99,-17.52
49.016,-7.44,17.118,18.432,25.0,0.32,1387.87,2285.23,0.653,0.347,7.88,-18.11
49.207,-5.23,13.834,18.651,25.0,0.33,1252.83,2343.57,0.687,0.313,11.17,-18.33
49.399,-3.615,12.485,18.726,25.0,0.33,1473.3,2247.54,0.632,0.368,12.51,-18.4
49.59,-0.643,11.992,18.749,25.0,0.33,1573.27,2202.62,0.607,0.393,13.01,-18.42
49.782,-0.279,13.069,18.75,25.0,0.33,1805.68,2094.46,0.549,0.451,11.93,-18.42
49.975,0.711,15.056,18.746,25.0,0.33,1973.92,2012.55,0.506,0.494,9.94,-18.42
50.168,0.637,17.171,18.741,25.0,0.33,2021.64,1955.58,0.489,0.511,7.83,-18.41
50.361,-0.729,18.798,18.735,25.0,0.33,2010.71,1977.61,0.494,0.506,6.2,-18.41
50.554,-0.347,19.975,18.73,25.0,0.33,1992.93,2003.08,0.502,0.498,5.03,-18.4
50.747,-1.343,20.07,18.724,25.0,0.33,1854.64,2070.96,0.536,0.464,4.93,-18.4
50.94,-2.026,18.654,18.72,25.0,0.33,1621.98,2180.39,0.594,0.406,6.35,-18.39
51.134,-2.149,16.204,18.715,25.0,0.33,1425.52,2268.69,0.644,0.356,8.8,-18.39
51.328,-2.036,13.649,18.711,25.0,0.33,1348.5,2302.39,0.663,0.337,11.35,-18.38
51.522,-2.539,11.155,19.312,25.0,0.34,1295.32,2325.37,0.676,0.324,13.84,-18.97
51.717,-3.318,9.545,19.534,25.0,0.34,1370.9,2292.64,0.657,0.343,15.46,-19.19
51.913,-3.223,8.837,19.61,25.0,0.34,1470.17,2248.93,0.632,0.368,16.16,-19.27
